user_name,avatar_url,url,repos_url
mojombo,https://avatars.githubusercontent.com/u/1?v=4,https://api.github.com/users/mojombo,https://api.github.com/users/mojombo/repos
defunkt,https://avatars.githubusercontent.com/u/2?v=4,https://api.github.com/users/defunkt,https://api.github.com/users/defunkt/repos
pjhyett,https://avatars.githubusercontent.com/u/3?v=4,https://api.github.com/users/pjhyett,https://api.github.com/users/pjhyett/repos
wycats,https://avatars.githubusercontent.com/u/4?v=4,https://api.github.com/users/wycats,https://api.github.com/users/wycats/repos
ezmobius,https://avatars.githubusercontent.com/u/5?v=4,https://api.github.com/users/ezmobius,https://api.github.com/users/ezmobius/repos
ivey,https://avatars.githubusercontent.com/u/6?v=4,https://api.github.com/users/ivey,https://api.github.com/users/ivey/repos
evanphx,https://avatars.githubusercontent.com/u/7?v=4,https://api.github.com/users/evanphx,https://api.github.com/users/evanphx/repos
vanpelt,https://avatars.githubusercontent.com/u/17?v=4,https://api.github.com/users/vanpelt,https://api.github.com/users/vanpelt/repos
wayneeseguin,https://avatars.githubusercontent.com/u/18?v=4,https://api.github.com/users/wayneeseguin,https://api.github.com/users/wayneeseguin/repos
brynary,https://avatars.githubusercontent.com/u/19?v=4,https://api.github.com/users/brynary,https://api.github.com/users/brynary/repos
kevinclark,https://avatars.githubusercontent.com/u/20?v=4,https://api.github.com/users/kevinclark,https://api.github.com/users/kevinclark/repos
technoweenie,https://avatars.githubusercontent.com/u/21?v=4,https://api.github.com/users/technoweenie,https://api.github.com/users/technoweenie/repos
macournoyer,https://avatars.githubusercontent.com/u/22?v=4,https://api.github.com/users/macournoyer,https://api.github.com/users/macournoyer/repos
takeo,https://avatars.githubusercontent.com/u/23?v=4,https://api.github.com/users/takeo,https://api.github.com/users/takeo/repos
caged,https://avatars.githubusercontent.com/u/25?v=4,https://api.github.com/users/caged,https://api.github.com/users/caged/repos
topfunky,https://avatars.githubusercontent.com/u/26?v=4,https://api.github.com/users/topfunky,https://api.github.com/users/topfunky/repos
anotherjesse,https://avatars.githubusercontent.com/u/27?v=4,https://api.github.com/users/anotherjesse,https://api.github.com/users/anotherjesse/repos
roland,https://avatars.githubusercontent.com/u/28?v=4,https://api.github.com/users/roland,https://api.github.com/users/roland/repos
lukas,https://avatars.githubusercontent.com/u/29?v=4,https://api.github.com/users/lukas,https://api.github.com/users/lukas/repos
fanvsfan,https://avatars.githubusercontent.com/u/30?v=4,https://api.github.com/users/fanvsfan,https://api.github.com/users/fanvsfan/repos
tomtt,https://avatars.githubusercontent.com/u/31?v=4,https://api.github.com/users/tomtt,https://api.github.com/users/tomtt/repos
railsjitsu,https://avatars.githubusercontent.com/u/32?v=4,https://api.github.com/users/railsjitsu,https://api.github.com/users/railsjitsu/repos
nitay,https://avatars.githubusercontent.com/u/34?v=4,https://api.github.com/users/nitay,https://api.github.com/users/nitay/repos
kevwil,https://avatars.githubusercontent.com/u/35?v=4,https://api.github.com/users/kevwil,https://api.github.com/users/kevwil/repos
KirinDave,https://avatars.githubusercontent.com/u/36?v=4,https://api.github.com/users/KirinDave,https://api.github.com/users/KirinDave/repos
jamesgolick,https://avatars.githubusercontent.com/u/37?v=4,https://api.github.com/users/jamesgolick,https://api.github.com/users/jamesgolick/repos
atmos,https://avatars.githubusercontent.com/u/38?v=4,https://api.github.com/users/atmos,https://api.github.com/users/atmos/repos
errfree,https://avatars.githubusercontent.com/u/44?v=4,https://api.github.com/users/errfree,https://api.github.com/users/errfree/repos
mojodna,https://avatars.githubusercontent.com/u/45?v=4,https://api.github.com/users/mojodna,https://api.github.com/users/mojodna/repos
bmizerany,https://avatars.githubusercontent.com/u/46?v=4,https://api.github.com/users/bmizerany,https://api.github.com/users/bmizerany/repos
